{"data_time": 0.0007849079999999731, "eta_seconds": 2451.294070699995, "fast_rcnn/cls_accuracy": 0.90625, "fast_rcnn/false_negative": 0.75, "fast_rcnn/fg_cls_accuracy": 0.20833333333333331, "iteration": 19, "loss_box_reg": 0.16311318427324295, "loss_cls": 0.6978879868984222, "loss_rpn_cls": 0.6963281333446503, "loss_rpn_loc": 2.9816352128982544, "lr": 0.00019981, "roi_head/num_bg_samples": 27.5, "roi_head/num_fg_samples": 4.5, "rpn/num_neg_anchors": 8.0, "rpn/num_pos_anchors": 8.0, "time": 1.6562797774999964, "total_loss": 4.625712096691132}
{"data_time": 0.0009720394999988002, "eta_seconds": 2634.6641853300007, "fast_rcnn/cls_accuracy": 0.765625, "fast_rcnn/false_negative": 0.4375, "fast_rcnn/fg_cls_accuracy": 0.1875, "iteration": 39, "loss_box_reg": 0.34565381705760956, "loss_cls": 0.8474067747592926, "loss_rpn_cls": 0.6498293876647949, "loss_rpn_loc": 1.8233753442764282, "lr": 0.00039960999999999995, "roi_head/num_bg_samples": 24.0, "roi_head/num_fg_samples": 8.0, "rpn/num_neg_anchors": 8.0, "rpn/num_pos_anchors": 8.0, "time": 1.922116146999997, "total_loss": 4.323059912770987}
{"data_time": 0.0006634119999944232, "eta_seconds": 2458.3740148799916, "fast_rcnn/cls_accuracy": 0.796875, "fast_rcnn/false_negative": 0.5, "fast_rcnn/fg_cls_accuracy": 0.25, "iteration": 59, "loss_box_reg": 0.5312394201755524, "loss_cls": 0.6373791992664337, "loss_rpn_cls": 0.5608862042427063, "loss_rpn_loc": 1.6298744678497314, "lr": 0.00059941, "roi_head/num_bg_samples": 24.0, "roi_head/num_fg_samples": 8.0, "rpn/num_neg_anchors": 8.0, "rpn/num_pos_anchors": 8.0, "time": 1.62048904400001, "total_loss": 3.5092485696077347}
{"data_time": 0.0011591204999916727, "eta_seconds": 2417.698282080011, "fast_rcnn/cls_accuracy": 0.859375, "fast_rcnn/false_negative": 0.25, "fast_rcnn/fg_cls_accuracy": 0.375, "iteration": 79, "loss_box_reg": 0.4271865487098694, "loss_cls": 0.5763219594955444, "loss_rpn_cls": 0.4283451437950134, "loss_rpn_loc": 2.168610692024231, "lr": 0.0007992100000000001, "roi_head/num_bg_samples": 24.0, "roi_head/num_fg_samples": 8.0, "rpn/num_neg_anchors": 8.0, "rpn/num_pos_anchors": 8.0, "time": 1.6622194889999946, "total_loss": 3.682087041437626}
{"data_time": 0.0006394330000034643, "eta_seconds": 2304.3976983999896, "fast_rcnn/cls_accuracy": 0.75, "fast_rcnn/false_negative": 0.375, "fast_rcnn/fg_cls_accuracy": 0.0625, "iteration": 99, "loss_box_reg": 0.4959564507007599, "loss_cls": 1.1043346524238586, "loss_rpn_cls": 0.4051167070865631, "loss_rpn_loc": 1.8952960968017578, "lr": 0.00099901, "roi_head/num_bg_samples": 24.0, "roi_head/num_fg_samples": 8.0, "rpn/num_neg_anchors": 8.0, "rpn/num_pos_anchors": 8.0, "time": 1.560068103000006, "total_loss": 4.171753138303757}
{"data_time": 0.0007550994999974137, "eta_seconds": 2297.984858910003, "fast_rcnn/cls_accuracy": 0.78125, "fast_rcnn/false_negative": 0.5625, "fast_rcnn/fg_cls_accuracy": 0.0625, "iteration": 119, "loss_box_reg": 0.39024676382541656, "loss_cls": 0.8184786736965179, "loss_rpn_cls": 0.41363275051116943, "loss_rpn_loc": 1.893426239490509, "lr": 0.00119881, "roi_head/num_bg_samples": 24.0, "roi_head/num_fg_samples": 8.0, "rpn/num_neg_anchors": 8.0, "rpn/num_pos_anchors": 8.0, "time": 1.7160877519999929, "total_loss": 3.3560451678931713}
